year,state_abbr,state_name,population,violent_crime,homicide,robbery,aggravated_assault,property_crime,burglary,larceny,motor_vehicle_theft,total crime,overall crime rate
2010,AL,Alabama,4785401,18363,275,4864,11869,168828,42484,115564,10780,373027,0.07795104318
2011,AL,Alabama,4803689,20166,299,4906,13591,173192,51119,111411,10662,385346,0.0802187652
2012,AL,Alabama,4817528,21693,342,5020,15035,168878,47481,111523,9874,379846,0.07884666161
2013,AL,Alabama,4833996,20834,346,4645,13788,161835,42410,108862,10563,363283,0.07515169644
2014,AL,Alabama,4846411,20727,276,4702,13744,154087,39723,104223,10141,347623,0.07172792402
2015,AL,Alabama,4853875,22957,348,4612,15960,144785,35265,99182,10338,333447,0.06869707193
2016,AL,Alabama,4860545,25878,407,4687,18869,143259,34045,97498,11716,336359,0.06920191049
2017,AL,Alabama,4875120,25469,419,4233,18816,143774,31270,99707,12797,336485,0.06902086513
2018,AL,Alabama,4887681,25567,383,4047,19105,138702,29101,96328,13273,326506,0.06680182279
2019,AL,Alabama,4907965,24769,390,3922,18338,128726,24805,91225,12696,304871,0.06211759864
2020,AL,Alabama,4921532,22322,471,2666,17577,105161,19660,74575,10926,253358,0.05147949866
2010,AK,Alaska,714146,4537,31,594,3379,20259,3105,15535,1619,49059,0.06869603694
2011,AK,Alaska,723860,4416,30,576,3374,19094,2852,14854,1388,46584,0.06435498577
2012,AK,Alaska,730307,4412,30,630,3169,20037,2950,15565,1522,48315,0.06615710927
2013,AK,Alaska,737259,4709,34,623,3127,21211,2917,16599,1695,50915,0.06905985549
2014,AK,Alaska,737046,4684,41,629,3243,20334,3150,15445,1739,49265,0.06684114696
2015,AK,Alaska,737709,5391,59,761,3671,20806,3511,15249,2046,51494,0.06980259154
2016,AK,Alaska,741522,5966,52,850,4011,24876,4053,17766,3057,60631,0.08176561181
2017,AK,Alaska,739786,6338,62,952,4250,26203,4167,17782,4254,64008,0.08652231862
2018,AK,Alaska,735139,6555,47,896,4400,24345,3985,16364,3996,60588,0.0824170667
2019,AK,Alaska,733603,6346,69,826,4349,21293,3558,15118,2617,54176,0.07384920727
2020,AK,Alaska,731158,6126,49,712,4233,16528,2775,11784,1969,44176,0.06041922539
2010,AZ,Arizona,6413158,26528,408,6953,16976,226802,50932,154137,21733,504469,0.078661558
2011,AZ,Arizona,6467315,26789,397,7145,16748,229896,54695,155400,19801,510871,0.07899275047
2012,AZ,Arizona,6551149,28077,358,7383,18054,231701,52911,159808,18982,517274,0.07895927875
2013,AZ,Arizona,6634997,27576,355,6656,17391,223294,48292,158036,16966,498566,0.07514185764
2014,AZ,Arizona,6728783,26422,311,6225,16614,213406,43412,152683,17311,476384,0.0707979437
2015,AZ,Arizona,6817565,27968,306,6360,18193,207184,38010,152388,16786,467195,0.06852813285
2016,AZ,Arizona,6908642,32542,389,7045,21804,207317,38216,150618,18483,476414,0.06895913842
2017,AZ,Arizona,7048876,35647,422,7440,24163,204999,37722,148251,19026,477670,0.06776541395
2018,AZ,Arizona,7158024,34053,383,6509,23556,192730,31787,141789,19154,449961,0.06286106333
2019,AZ,Arizona,7291843,32603,397,6305,22251,177628,29170,130427,18031,416812,0.05716140625
2020,AZ,Arizona,7421401,35980,513,6211,25993,165323,24488,122898,17937,399343,0.0538096513
2010,AR,Arkansas,2921588,14711,134,2369,10887,103820,32463,65796,5561,235741,0.08068933744
2011,AR,Arkansas,2938582,14173,160,2357,10426,110430,34016,70645,5769,247976,0.08438627882
2012,AR,Arkansas,2949828,13851,174,2310,10134,109389,32673,70982,5734,245247,0.08313942372
2013,AR,Arkansas,2958765,13705,158,2261,9796,106477,30369,70430,5678,238874,0.08073436045
2014,AR,Arkansas,2966835,14248,175,2037,10220,99452,24816,69001,5635,225584,0.0760352362
2015,AR,Arkansas,2977853,15769,189,2117,11455,97391,22851,68720,5820,224312,0.07532675387
2016,AR,Arkansas,2988231,16563,217,2125,12007,98092,23814,67091,7187,227096,0.07599680212
2017,AR,Arkansas,3002997,16996,249,1998,12609,94419,22369,64795,7255,220690,0.07348991691
2018,AR,Arkansas,3009733,16904,222,1593,12748,89177,19520,62350,7307,209821,0.06971415737
2019,AR,Arkansas,3020985,17547,237,1576,13314,86029,17706,60843,7480,204732,0.06776994921
2020,AR,Arkansas,3030522,20363,321,1577,16239,79200,15854,55413,7933,196900,0.0649723051
2010,CA,California,37338198,164133,1809,58116,95877,981939,228857,600558,152524,2283813,0.0611655924
2011,CA,California,37683933,154943,1792,54291,91195,973822,230075,596905,146842,2249865,0.0597035612
2012,CA,California,37999878,160944,1884,56521,94702,1049465,245767,635090,168608,2412981,0.06349970387
2013,CA,California,38431393,154739,1746,53640,89029,1018907,232058,621557,165292,2336968,0.06080882887
2014,CA,California,38792291,153763,1700,48681,91804,947193,202669,592673,151851,2190334,0.05646312562
2015,CA,California,38993940,166883,1861,52862,99349,1024914,197404,656517,170993,2370783,0.06079875488
2016,CA,California,39296476,174796,1930,54789,104375,1002070,188304,637010,176756,2340030,0.05954808772
2017,CA,California,39399349,178597,1830,56625,105418,987063,176679,642019,168365,2316596,0.0587978243
2018,CA,California,39461588,176604,1739,54328,105031,941644,164645,621779,155220,2220990,0.05628232701
2019,CA,California,39437610,174341,1690,52306,105544,921177,152551,626865,141761,2176235,0.05518171613
2020,CA,California,39368078,174026,2203,44728,113646,842054,145529,528202,168323,2018711,0.05127786528
2010,CO,Colorado,5047692,16339,129,3164,10816,135001,26196,97534,11271,300450,0.05952225294
2011,CO,Colorado,5116302,16085,155,3299,10346,132781,25725,96054,11002,295447,0.05774620028
2012,CO,Colorado,5189458,15951,152,3392,10285,139355,26163,101091,12101,308490,0.05944551435
2013,CO,Colorado,5272086,16099,174,3136,9826,139974,25075,102375,12524,309183,0.05864528765
2014,CO,Colorado,5355588,16487,150,3037,10211,135789,23502,99688,12599,301463,0.05628943078
2015,CO,Colorado,5448819,17348,173,3315,10532,144044,23490,104532,16022,319456,0.05862848445
2016,CO,Colorado,5530105,19030,189,3525,11681,152146,23825,108680,19641,338717,0.06124965078
2017,CO,Colorado,5615902,20901,222,3868,12790,152032,22618,107470,21944,341845,0.06087089839
2018,CO,Colorado,5691287,22851,215,3781,14527,154292,21757,110518,22017,349958,0.06149013395
2019,CO,Colorado,5758486,22149,229,3716,14117,150564,20266,108575,21723,341339,0.05927582354
2020,CO,Colorado,5807719,24570,294,3964,16660,164582,23246,110884,30452,374652,0.06450931941
2010,CT,Connecticut,3575498,10083,133,3553,5802,78259,15145,56413,6701,176089,0.04924880394
2011,CT,Connecticut,3586717,9889,129,3689,5382,77205,15468,55067,6670,173499,0.0483726483
2012,CT,Connecticut,3591765,10183,117,3709,5424,77169,14787,55904,6478,173771,0.04838039237
2013,CT,Connecticut,3599341,9439,91,3551,4906,71274,12934,52099,6241,160535,0.04460122006
2014,CT,Connecticut,3594762,8575,89,3172,4520,69326,12017,51195,6114,155008,0.04312051813
2015,CT,Connecticut,3584730,7938,116,2925,4099,65610,10286,48898,6426,146298,0.04081144187
2016,CT,Connecticut,3587685,8169,79,2711,4588,64875,10107,47642,7126,145297,0.04049881748
2017,CT,Connecticut,3573880,8190,105,2813,4422,63646,8906,47418,7322,142822,0.03996272958
2018,CT,Connecticut,3571520,7485,86,2205,4321,59356,7983,44181,7192,132809,0.03718556805
2019,CT,Connecticut,3566022,6583,107,1942,3737,51076,6468,38616,5992,114521,0.03211449621
2020,CT,Connecticut,3557006,6459,140,2033,3692,55670,6656,40592,8422,123664,0.03476631752
2010,DE,Delaware,899792,5608,51,1839,3392,31078,7550,21593,1935,73046,0.08118098405
2011,DE,Delaware,908137,5144,48,1558,3231,31163,7617,22001,1545,72307,0.07962124657
2012,DE,Delaware,917053,5048,56,1498,3245,30707,7389,21880,1438,71261,0.07770652296
2013,DE,Delaware,925240,4633,41,1233,2960,29001,6299,21347,1355,66869,0.07227205914
2014,DE,Delaware,935968,4568,50,1271,2857,27915,5765,20885,1265,64576,0.06899381175
2015,DE,Delaware,944076,4760,62,1240,3097,25545,4797,19555,1193,60249,0.06381795533
2016,DE,Delaware,952698,4859,58,1359,3131,26370,5028,19812,1530,62147,0.06523263406
2017,DE,Delaware,957078,4377,51,1082,2893,23430,3960,18108,1362,55263,0.05774137531
2018,DE,Delaware,965479,4079,46,861,2838,22405,3154,17780,1471,52634,0.05451594494
2019,DE,Delaware,976668,4128,47,789,2963,21932,2984,17343,1605,51791,0.05302825525
2020,DE,Delaware,986809,4262,73,700,3228,19355,2508,15182,1665,46973,0.04760090352
2010,DC,District of Columbia,604912,8026,132,4325,3382,28802,4233,19514,5055,73469,0.1214540297
2011,DC,District of Columbia,619020,7433,108,4094,3058,29654,3850,21347,4457,74001,0.1195454105
2012,DC,District of Columbia,633427,7866,88,4037,3505,30757,3519,23575,3663,77010,0.1215767563
2013,DC,District of Columbia,649111,8415,103,4082,3835,31097,3316,24547,3234,78629,0.1211333655
2014,DC,District of Columbia,659836,8199,105,3497,4125,34147,3466,26898,3783,84220,0.1276377767
2015,DC,District of Columbia,670377,8538,162,3746,4136,31444,2971,25208,3265,79470,0.1185452365
2016,DC,District of Columbia,684336,8236,136,3500,4067,32377,2361,27089,2927,80693,0.1179142994
2017,DC,District of Columbia,695691,6976,116,2625,3791,29736,1809,25340,2587,72980,0.1049028951
2018,DC,District of Columbia,701547,6995,160,2415,3970,30726,1788,26345,2593,74992,0.1068951902
2019,DC,District of Columbia,708253,7403,166,2714,4178,30819,1843,26643,2333,76099,0.107446068
2020,DC,District of Columbia,712816,7127,201,2373,4242,24899,1964,19536,3399,63741,0.08942139346
2010,FL,Florida,18838613,101969,987,26086,69523,669035,169119,458454,41462,1536635,0.08156837236
2011,FL,Florida,19082262,98198,984,25622,66319,671200,170171,461408,39621,1533523,0.08036379545
2012,FL,Florida,19320749,94087,1009,23889,63929,632988,153563,442095,37330,1448890,0.07499139914
2013,FL,Florida,19600311,91993,972,23200,61054,607170,138915,433344,34911,1391559,0.07099678163
2014,FL,Florida,19905569,91345,982,21621,61610,583774,121379,426197,36198,1343106,0.0674738813
2015,FL,Florida,20244914,93625,1041,21137,63895,570270,109268,420341,40661,1320238,0.06521331728
2016,FL,Florida,20656589,88700,1111,20175,59816,553812,100325,410352,43135,1277426,0.061841091
2017,FL,Florida,20976812,85606,1057,18597,58016,527125,88835,395375,42915,1217526,0.05804151746
2018,FL,Florida,21244317,81980,1107,16884,55551,486017,71933,372919,41165,1127556,0.05307565313
2019,FL,Florida,21492056,81291,1122,16234,55472,460966,63338,358537,39091,1076051,0.05006738304
2020,FL,Florida,21733312,83368,1290,13521,60871,384556,52293,293992,38271,928162,0.04270688241
2010,GA,Georgia,9712157,39068,555,12372,24034,353449,96947,226161,30341,782927,0.08061309141
2011,GA,Georgia,9812460,36762,549,12266,21881,357235,96014,231543,29678,785928,0.08009489975
2012,GA,Georgia,9915646,37675,583,12502,22447,339473,86992,223875,28606,752153,0.07585516869
2013,GA,Georgia,9994759,37519,563,12704,21361,339808,83459,229190,27159,751763,0.07521572056
2014,GA,Georgia,10097132,38955,607,12786,22415,339146,78029,233359,27758,753055,0.07458107906
2015,GA,Georgia,10199398,38891,622,12545,22467,316013,68149,220715,27149,706551,0.06927379439
2016,GA,Georgia,10313620,40268,682,12114,24091,307305,62715,218127,26463,691765,0.06707295789
2017,GA,Georgia,10413055,37118,681,9844,23947,297651,55363,216252,26036,666892,0.06404383728
2018,GA,Georgia,10511131,35619,647,8499,23675,277803,46816,205631,25356,624046,0.05937001451
2019,GA,Georgia,10628020,34666,605,7488,23568,294817,37476,234850,22491,655961,0.06171996289
2020,GA,Georgia,10710017,42850,943,7016,31471,214988,31139,158343,25506,512256,0.04782961596
2010,HI,Hawaii,1363359,3603,25,1065,2136,45667,8706,31681,5280,98163,0.07200084497
2011,HI,Hawaii,1378129,3465,20,994,2098,43874,8165,31240,4469,94325,0.06844424579
2012,HI,Hawaii,1390090,3378,21,1125,1953,43419,7653,31901,3865,93315,0.06712874706
2013,HI,Hawaii,1408987,3585,32,934,2111,45266,7777,32928,4561,97194,0.06898147392
2014,HI,Hawaii,1420257,3362,20,952,1842,46022,7470,33003,5549,98220,0.06915649773
2015,HI,Hawaii,1431603,4201,19,1085,1878,45389,6810,33140,5439,97961,0.06842749002
2016,HI,Hawaii,1428683,3452,35,985,1831,42353,5983,30871,5499,91009,0.06370132493
2017,HI,Hawaii,1424203,3577,39,1077,1894,40392,5549,29574,5269,87371,0.06134729389
2018,HI,Hawaii,1420593,3622,40,951,1922,41027,5709,29600,5718,88589,0.06236057759
2019,HI,Hawaii,1415615,3745,37,1079,2004,40617,5534,29878,5205,88099,0.0622337288
2020,HI,Hawaii,1407006,3576,41,867,2099,33928,4630,23954,5344,74439,0.05290595776
2010,ID,Idaho,1571102,3464,22,213,2696,31436,6513,23594,1329,69267,0.04408816232
2011,ID,Idaho,1583744,3202,35,188,2535,32875,6915,24629,1331,71710,0.04527878243
2012,ID,Idaho,1595590,3348,30,243,2580,31825,7240,23203,1382,69851,0.04377753684
2013,ID,Idaho,1612843,3471,29,220,2548,30230,6693,21999,1538,66728,0.04137290486
2014,ID,Idaho,1634806,3439,32,203,2559,30440,6466,22297,1677,67113,0.04105257749
2015,ID,Idaho,1652828,3593,32,191,2667,28912,6124,20916,1872,64307,0.03890725472
2016,ID,Idaho,1680026,3876,49,213,2895,29357,6318,20962,2077,65747,0.03913451339
2017,ID,Idaho,1718904,4111,42,222,3092,28557,5837,20570,2150,64581,0.03757103364
2018,ID,Idaho,1750536,4196,34,195,3040,25822,4990,18876,1956,59109,0.03376622931
2019,ID,Idaho,1789060,4162,28,161,3055,22244,4045,16591,1608,51894,0.02900629381
2020,ID,Idaho,1826913,4432,41,174,3385,20313,3731,14815,1767,48658,0.02663399954
2010,IL,Illinois,12841980,57132,704,20386,32976,349064,77472,242681,28911,809326,0.06302190161
2011,IL,Illinois,12859752,54523,781,20217,30495,344468,77719,237362,29387,794952,0.06181705526
2012,IL,Illinois,12868192,53556,770,19480,29725,332706,71100,235314,26292,768943,0.05975532538
2013,IL,Illinois,12890552,51956,722,17733,28161,296048,59093,216059,20896,690668,0.05357939676
2014,IL,Illinois,12882189,47775,690,15271,27485,269647,50759,201003,17885,630515,0.04894470963
2015,IL,Illinois,12839047,49755,754,15056,29019,256962,46846,192424,17692,608508,0.04739510651
2016,IL,Illinois,12835726,56054,1061,17829,32161,263256,48193,195196,19867,633617,0.04936354983
2017,IL,Illinois,12786196,55777,983,17731,31639,255108,43355,190860,20893,616346,0.04820401627
2018,IL,Illinois,12723071,52343,902,14251,31084,246679,39317,187517,19845,591938,0.04652477378
2019,IL,Illinois,12667017,52601,851,12660,32929,235033,34789,181225,19019,569107,0.04492825738
2020,IL,Illinois,12587530,53612,1151,12261,35110,196287,31020,143935,21332,494708,0.03930143563
2010,IN,Indiana,6490622,20983,268,6559,12396,199274,48570,137204,13500,438754,0.06759814391
2011,IN,Indiana,6516353,21619,306,6977,12578,206016,50571,140630,14815,453512,0.06959598413
2012,IN,Indiana,6537782,22544,307,6601,13975,197994,47689,136668,13637,439415,0.06721163232
2013,IN,Indiana,6570713,23627,357,7114,13915,187472,42754,130534,14184,419957,0.06391345962
2014,IN,Indiana,6597880,24105,333,6894,14681,174909,36909,124144,13856,395831,0.05999366463
2015,IN,Indiana,6612768,25373,370,7081,15536,171878,34404,123940,13534,392116,0.05929680279
2016,IN,Indiana,6634007,26516,431,7291,16345,168460,33567,120454,14439,387503,0.05841160553
2017,IN,Indiana,6660082,26307,413,7035,16247,158932,29799,114395,14738,367866,0.05523445507
2018,IN,Indiana,6695497,25009,418,5737,16368,146948,25894,105861,15193,341428,0.0509936753
2019,IN,Indiana,6731010,25006,373,5335,16745,131097,21586,95745,13766,309653,0.04600394294
2020,IN,Indiana,6754953,24161,505,4215,17093,120453,18938,86080,15435,286880,0.04246957751
2010,IA,Iowa,3050202,8191,38,1012,6258,68740,16746,48194,3800,152979,0.05015372752
2011,IA,Iowa,3064097,7883,44,824,6149,72043,17573,50472,3998,158986,0.05188673857
2012,IA,Iowa,3075039,8167,49,962,6255,70357,17201,49116,4040,156147,0.05077886817
2013,IA,Iowa,3092341,8443,41,937,6332,67976,15918,47803,4255,151705,0.04905830243
2014,IA,Iowa,3109481,8484,60,1047,6227,65100,14363,46594,4143,146018,0.04695896196
2015,IA,Iowa,3121997,8619,73,1050,6291,64688,14977,45328,4383,145409,0.04657563732
2016,IA,Iowa,3130869,9170,73,1150,6669,65888,15306,45580,5002,148838,0.04753887818
2017,IA,Iowa,3143637,9038,98,1269,6366,65652,14711,45441,5500,148075,0.04710308474
2018,IA,Iowa,3148618,8303,70,989,6118,57024,12433,39498,5093,129528,0.0411380485
2019,IA,Iowa,3159596,9086,70,919,6732,58446,12406,40479,5561,133699,0.04231522005
2020,IA,Iowa,3163561,9601,111,943,7258,53725,11739,35751,6235,125363,0.03962717962
2010,KS,Kansas,2859143,10602,97,1538,7821,89109,19315,63774,6020,198276,0.0693480529
2011,KS,Kansas,2870386,10209,111,1448,7528,88655,18712,63259,6684,196606,0.06849462058
2012,KS,Kansas,2885398,10292,85,1493,7609,91066,18874,65413,6779,201611,0.06987285636
2013,KS,Kansas,2895801,9928,117,1339,7177,85704,17476,61557,6671,189969,0.06560153823
2014,KS,Kansas,2902507,10235,92,1361,7299,80029,15921,57169,6939,179045,0.06168632841
2015,KS,Kansas,2906721,11483,126,1823,7850,80059,15619,57435,7005,181400,0.06240709033
2016,KS,Kansas,2907731,11665,132,1757,8158,82293,14759,60119,7415,186298,0.06406988817
2017,KS,Kansas,2910689,11654,134,1633,8383,79387,13102,58891,7394,180578,0.06203960643
2018,KS,Kansas,2911359,12861,122,1420,9655,77449,12792,56726,7931,178956,0.06146820093
2019,KS,Kansas,2912635,11811,95,1157,9059,66306,9996,49420,6890,154734,0.0531250912
2020,KS,Kansas,2913805,12385,100,928,10094,64077,9655,47193,7229,151661,0.05204912477
2010,KY,Kentucky,4347223,10604,188,3748,5230,111170,30443,74488,6239,242110,0.05569302518
2011,KY,Kentucky,4366814,10465,151,3705,5110,119037,32750,79586,6701,257505,0.05896862106
2012,KY,Kentucky,4379730,9852,201,3547,4792,112800,29877,76199,6724,243992,0.05570937021
2013,KY,Kentucky,4399583,9280,172,3247,4215,104448,26331,72048,6069,225810,0.05132531879
2014,KY,Kentucky,4412617,9495,164,3343,4432,99909,23426,70108,6375,217252,0.04923427526
2015,KY,Kentucky,4424611,9887,219,3314,4710,97545,22526,67143,7876,213220,0.04818954706
2016,KY,Kentucky,4436113,10452,265,3371,5068,97713,20932,66833,9948,214582,0.04837162624
2017,KY,Kentucky,4453874,10292,265,2967,5243,95899,20535,65006,10358,210565,0.04727682013
2018,KY,Kentucky,4461153,9719,250,2469,5125,89235,17462,61313,10460,196033,0.04394222749
2019,KY,Kentucky,4472345,9872,229,2162,5808,85387,15567,59535,10285,188845,0.04222505196
2020,KY,Kentucky,4477251,11600,323,2369,7537,79673,15407,52769,11497,181175,0.04046567861
2010,LA,Louisiana,4545343,25241,500,5297,18214,165667,45437,110260,9970,380586,0.08373097476
2011,LA,Louisiana,4574766,25373,506,5235,18370,168529,46242,113174,9113,386542,0.08449437632
2012,LA,Louisiana,4602134,22839,489,5458,15737,162673,42037,112764,7872,369869,0.08036902011
2013,LA,Louisiana,4629284,24127,494,5539,16331,165679,41214,115300,9165,377849,0.08162147753
2014,LA,Louisiana,4648990,23983,476,5725,16400,161192,38541,113251,9400,368968,0.07936519545
2015,LA,Louisiana,4668960,25202,492,5561,17416,157708,35457,112520,9731,364087,0.0779803211
2016,LA,Louisiana,4686157,26477,555,5575,18528,154511,34689,109492,10330,360157,0.07685551295
2017,LA,Louisiana,4670818,25986,576,5385,18175,157272,34135,112042,11095,364666,0.07807326254
2018,LA,Louisiana,4659690,25314,533,4600,18076,152996,31291,110066,11639,354515,0.07608124146
2019,LA,Louisiana,4658285,26072,547,4129,19114,148429,27440,110123,10866,346720,0.07443082594
2020,LA,Louisiana,4645318,29704,734,3747,23087,133989,23698,97891,12400,325250,0.07001673513
2010,ME,Maine,1327379,1621,24,412,796,32900,7364,24547,989,68653,0.05172072181
2011,ME,Maine,1328544,1638,26,370,848,33829,7865,24886,1078,70540,0.05309571983
2012,ME,Maine,1328501,1626,26,420,808,33398,7476,24931,991,69676,0.05244708133
2013,ME,Maine,1328702,1761,24,335,907,30454,6480,23063,911,63935,0.04811838922
2014,ME,Maine,1330256,1698,21,304,889,26427,5035,20591,801,55766,0.04192125425
2015,ME,Maine,1329453,1726,23,311,931,24361,4694,18853,814,51713,0.03889795277
2016,ME,Maine,1330232,1649,20,268,948,21908,4001,17131,776,46701,0.03510740984
2017,ME,Maine,1335063,1610,23,249,868,20142,3337,16012,793,43034,0.03223368485
2018,ME,Maine,1339057,1500,23,228,802,18201,2712,14712,777,38955,0.02909136803
2019,ME,Maine,1345770,1562,22,192,828,16791,2360,13705,726,36186,0.02688869569
2020,ME,Maine,1350141,1466,22,170,788,15610,2009,12739,862,33666,0.02493517344
2010,MD,Maryland,5785681,31607,426,11054,18899,173309,36704,118578,18027,408604,0.07062331988
2011,MD,Maryland,5839572,28817,399,10342,16876,166846,35823,114951,16072,390126,0.06680729341
2012,MD,Maryland,5884868,28086,373,10173,16303,162309,33803,113550,14956,379553,0.0644964339
2013,MD,Maryland,5938737,28235,384,10048,16124,157918,31950,112551,13417,370627,0.06240838751
2014,MD,Maryland,5975346,26767,362,9565,15208,150390,28134,109140,13116,352682,0.05902285826
2015,MD,Maryland,5994983,28185,538,10111,15819,142547,26432,102701,13414,339747,0.05667188714
2016,MD,Maryland,6024752,29019,536,10815,15841,139716,24832,100995,13889,335643,0.0557106749
2017,MD,Maryland,6024891,30321,558,11189,16862,134705,23526,97657,13522,328340,0.05449725149
2018,MD,Maryland,6035802,28330,491,9716,16132,122945,18910,91887,12148,300559,0.04979603373
2019,MD,Maryland,6054954,27511,545,9215,15807,118091,16872,89938,11281,289260,0.04777245211
2020,MD,Maryland,6055802,24215,553,7174,14756,97487,15261,71757,10469,241672,0.03990751349
2010,MA,Massachusetts,6555466,30737,214,6897,21842,154496,37903,105124,11469,368682,0.05624039542
2011,MA,Massachusetts,6607003,28232,184,6768,19626,148829,36403,101644,10782,352468,0.05334763735
2012,MA,Massachusetts,6645303,27047,121,6555,18721,143325,34635,99453,9237,339094,0.05102762056
2013,MA,Massachusetts,6708874,27264,138,6705,18118,137274,30716,97437,9121,326773,0.04870757746
2014,MA,Massachusetts,6755124,26689,133,6077,18277,125481,24951,92226,8304,302138,0.04472723225
2015,MA,Massachusetts,6784240,26453,131,5266,18974,114547,21826,84676,8045,279918,0.04126003797
2016,MA,Massachusetts,6823721,25975,135,5365,18334,106430,19204,79155,8071,262669,0.03849351402
2017,MA,Massachusetts,6863246,24318,172,4874,17073,97977,16916,73573,7488,242391,0.03531725367
2018,MA,Massachusetts,6882635,23424,138,4084,16737,87658,14095,66968,6595,219699,0.03192076872
2019,MA,Massachusetts,6894883,22662,153,3625,16640,81399,12323,62944,6132,205878,0.02985953496
2020,MA,Massachusetts,6893574,21288,160,3015,16262,72602,10323,55444,6835,185929,0.02697135042
2010,MI,Michigan,9877143,48693,580,11522,31858,271501,74345,169748,27408,635655,0.06435616048
2011,MI,Michigan,9876801,43731,617,10263,28507,251329,69755,156666,24908,585776,0.05930827198
2012,MI,Michigan,9882519,44962,701,10423,29203,249249,65560,158609,25080,583787,0.05907269189
2013,MI,Michigan,9898193,44757,625,10093,27254,230135,56256,149794,24085,542999,0.05485839688
2014,MI,Michigan,9916306,42555,544,8037,27610,202692,44328,137142,21222,484130,0.04882160756
2015,MI,Michigan,9917715,41712,585,7818,26599,191191,40375,132019,18797,459096,0.04629050139
2016,MI,Michigan,9933445,45782,612,7123,30779,190249,39738,130249,20262,464794,0.04679081628
2017,MI,Michigan,9976447,44883,569,6508,30696,179839,35833,124410,19596,442334,0.04433782889
2018,MI,Michigan,9984072,45176,555,5638,31082,166186,31834,116876,17476,414823,0.04154847842
2019,MI,Michigan,9984795,43793,576,5352,30509,158317,28574,111900,17843,396864,0.03974683506
2020,MI,Michigan,9966555,47641,754,4438,36384,135633,23231,94017,18385,360483,0.03616926812
2010,MN,Minnesota,5310658,12515,96,3388,7233,136431,24415,103429,8587,296094,0.05575467296
2011,MN,Minnesota,5347299,12323,75,3385,6750,136183,25681,102354,8148,294899,0.055149151
2012,MN,Minnesota,5379646,12419,99,3475,7207,138152,25378,104316,8458,299504,0.05567355175
2013,MN,Minnesota,5422060,12710,114,3674,6908,131193,22713,100514,7966,285792,0.05270911794
2014,MN,Minnesota,5457125,12505,88,3687,6729,125377,20773,96237,8367,273763,0.05016615892
2015,MN,Minnesota,5482435,13319,133,3771,7094,121984,19299,94704,7981,268285,0.04893537269
2016,MN,Minnesota,5525050,13365,101,3730,7185,117723,18582,90421,8720,259827,0.04702708573
2017,MN,Minnesota,5568155,13345,114,3627,7199,122430,18828,93602,10000,269145,0.0483364777
2018,MN,Minnesota,5606249,12403,107,2946,6875,112186,16206,85849,10131,246703,0.04400500228
2019,MN,Minnesota,5640053,13395,127,3155,7614,117971,16026,90685,11260,260233,0.04614016925
2020,MN,Minnesota,5657342,15698,190,3877,9420,120212,17370,88696,14146,269609,0.04765647896
2010,MS,Mississippi,2970072,7999,204,2777,4087,88596,30453,52784,5359,192259,0.06473210077
2011,MS,Mississippi,2977457,8009,232,2496,4418,89809,30722,54179,4908,194773,0.06541589014
2012,MS,Mississippi,2986450,7769,213,2277,4460,83933,28084,51520,4329,182585,0.06113780576
2013,MS,Mississippi,2992206,8303,217,2413,4649,81548,24969,52192,4387,178678,0.05971447153
2014,MS,Mississippi,2993443,8331,259,2405,4585,86887,23898,58515,4474,189354,0.06325625709
2015,MS,Mississippi,2989390,8190,253,2312,4467,85785,25068,56446,4271,186792,0.06248498858
2016,MS,Mississippi,2985415,8411,237,2433,4459,82521,23489,54725,4307,180582,0.06048807285
2017,MS,Mississippi,2989663,7661,190,2492,4321,82764,22449,55968,4347,180192,0.06027167611
2018,MS,Mississippi,2981020,7929,214,1700,5419,71701,20355,46201,5145,158664,0.05322473516
2019,MS,Mississippi,2978227,7779,298,1620,4937,69727,18341,45665,5721,154088,0.05173816502
2020,MS,Mississippi,2966786,8638,315,1419,5756,62351,14488,41780,6083,140830,0.04746887709
2010,MO,Missouri,5995715,27440,420,6185,19390,200858,44197,140526,16135,455151,0.07591271433
2011,MO,Missouri,6008984,26888,366,6275,18778,199085,44875,138879,15331,450477,0.07496724904
2012,MO,Missouri,6024522,27189,390,5782,19490,199813,42510,140971,16332,452477,0.07510587562
2013,MO,Missouri,6044917,26216,369,5486,18056,189655,38797,134514,16344,429437,0.0710410085
2014,MO,Missouri,6063827,26882,404,5592,18483,176436,35293,124769,16374,404233,0.06666301661
2015,MO,Missouri,6076204,30292,503,6383,20833,173788,34029,122749,17010,405587,0.06675006303
2016,MO,Missouri,6091176,31720,538,6576,22049,170661,31716,120649,18296,402205,0.06603076319
2017,MO,Missouri,6108612,32450,599,6362,22752,173380,30086,123356,19938,408923,0.06694204837
2018,MO,Missouri,6121623,30696,599,5206,21956,162698,27345,115506,19847,383853,0.06270444946
2019,MO,Missouri,6140475,30680,576,4995,22090,163223,26617,115324,21282,384787,0.06266404472
2020,MO,Missouri,6151548,33385,723,4575,25426,155698,23300,108209,24189,375505,0.06104235877
2010,MT,Montana,990958,2733,25,154,2222,25409,3692,20166,1551,55952,0.05646253423
2011,MT,Montana,997667,2755,29,171,2189,23885,3347,19089,1449,52914,0.05303773704
2012,MT,Montana,1005494,2803,29,202,2180,26102,3920,20484,1698,57418,0.05710426915
2013,MT,Montana,1014864,2924,23,217,2217,26195,4122,20192,1881,57771,0.05692486875
2014,MT,Montana,1023252,3361,38,202,2563,25525,3639,19826,2060,57214,0.05591389022
2015,MT,Montana,1032073,3647,38,210,2827,27276,3887,20966,2423,61274,0.0593698314
2016,MT,Montana,1038656,3886,37,268,2983,28156,3966,21427,2763,63486,0.06112322078
2017,MT,Montana,1053090,3937,41,234,3023,27294,3623,21073,2598,61823,0.05870628341
2018,MT,Montana,1060665,4040,37,270,3164,26787,3329,20641,2817,61085,0.05759122814
2019,MT,Montana,1070123,4472,32,209,3552,23929,2968,18547,2414,56123,0.0524453731
2020,MT,Montana,1080577,5077,54,279,4146,22917,2919,17322,2676,55390,0.05125965109
2010,NE,Nebraska,1830141,5093,54,1020,3345,48827,8318,36896,3613,107166,0.05855614403
2011,NE,Nebraska,1842234,4672,68,993,2912,50894,8725,38060,4109,110433,0.05994515355
2012,NE,Nebraska,1855350,4802,52,1128,2912,51203,8745,38301,4157,111300,0.05998868138
2013,NE,Nebraska,1868969,4949,56,1035,3011,49197,8945,35791,4461,107445,0.05748891501
2014,NE,Nebraska,1882980,5201,53,1044,3226,47526,7936,35063,4527,104576,0.05553749907
2015,NE,Nebraska,1893765,5167,62,994,3226,42597,6443,32148,4006,94643,0.0499761058
2016,NE,Nebraska,1907603,5661,49,946,3558,43197,6459,32009,4729,96608,0.05064366118
2017,NE,Nebraska,1917575,5979,42,1020,3726,43856,6513,32064,5279,98479,0.05135600954
2018,NE,Nebraska,1925614,5583,44,736,3513,40193,5308,29987,4898,90262,0.04687439954
2019,NE,Nebraska,1932571,5887,45,795,3763,39553,4763,29817,4973,89596,0.04636103926
2020,NE,Nebraska,1937552,6473,69,799,4442,36991,4455,27488,5048,85765,0.04426461845
2010,NV,Nevada,2704283,17929,158,5298,11508,75004,22286,42533,10185,184901,0.06837339139
2011,NV,Nevada,2720028,15452,139,4308,10092,70075,20342,40156,9577,170141,0.06255119433
2012,NV,Nevada,2754354,16763,124,4918,10790,77510,22120,45372,10018,187615,0.06811579049
2013,NV,Nevada,2791494,16888,163,5183,10060,79177,23047,46132,9998,190648,0.06829604506
2014,NV,Nevada,2838281,18043,170,5954,10562,74574,21924,42466,10184,183877,0.06478463549
2015,NV,Nevada,2883758,20118,178,6287,11965,77137,22360,43426,11351,192822,0.06686483401
2016,NV,Nevada,2939254,19924,228,6338,11629,75922,18816,43949,13157,189963,0.06462966453
2017,NV,Nevada,2972405,16663,266,4841,9660,78320,20049,45459,12812,188070,0.06327199692
2018,NV,Nevada,3027341,16715,202,3862,10322,73998,17741,44341,11916,179097,0.05915983697
2019,NV,Nevada,3090771,15334,144,3289,9746,72028,15630,45127,11271,172569,0.05583364151
2020,NV,Nevada,3138259,14445,180,2785,9629,60462,11574,38332,10556,147963,0.0471481162
2010,NH,New Hampshire,1316807,2204,13,450,1330,29230,5444,22789,997,62457,0.04743064094
2011,NH,New Hampshire,1317807,2864,16,509,1758,32756,6244,25398,1114,70659,0.05361862549
2012,NH,New Hampshire,1321617,2841,15,471,1869,32074,5988,25024,1062,69344,0.05246905874
2013,NH,New Hampshire,1322616,2952,21,645,1708,30409,5283,24188,938,66144,0.05000998022
2014,NH,New Hampshire,1327996,2625,16,544,1469,26098,4191,21051,856,56850,0.04280886388
2015,NH,New Hampshire,1330111,2692,15,475,1558,23453,3482,19076,895,51646,0.03882833839
2016,NH,New Hampshire,1335015,2668,19,431,1609,20323,2989,16454,880,45373,0.03398688404
2017,NH,New Hampshire,1349767,2642,13,441,1569,18550,2554,15087,909,41765,0.03094237746
2018,NH,New Hampshire,1353465,2404,21,342,1463,17201,1908,14396,897,38632,0.02854303584
2019,NH,New Hampshire,1360783,2152,33,327,1186,16552,1783,13826,943,36802,0.02704472352
2020,NH,New Hampshire,1366275,2000,12,280,1166,15014,1412,12558,1044,33486,0.02450897513
2010,NJ,New Jersey,8799593,27055,371,11818,13885,183042,38732,128754,15556,419213,0.04764004426
2011,NJ,New Jersey,8834773,27203,380,12209,13608,189719,43238,129066,17415,432838,0.04899254344
2012,NJ,New Jersey,8867749,25727,388,11385,12919,181481,42338,122662,16481,413381,0.04661622696
2013,NJ,New Jersey,8911502,25748,404,12084,12071,167634,35883,118005,13746,385575,0.04326711704
2014,NJ,New Jersey,8938844,23319,352,10499,11188,154945,31707,111534,11704,355248,0.03974205166
2015,NJ,New Jersey,8935421,22879,363,9729,11414,145701,27960,105963,11778,335787,0.03757931495
2016,NJ,New Jersey,8978416,21861,378,8940,11089,138012,25229,101459,11324,318292,0.03545079667
2017,NJ,New Jersey,8888543,20604,324,7895,10880,140086,23891,104025,12170,319875,0.03598733786
2018,NJ,New Jersey,8886025,18536,285,6364,10463,125155,19232,94886,11037,285958,0.0321806432
2019,NJ,New Jersey,8891258,18382,263,5730,10852,118637,16399,91902,10336,272501,0.03064819399
2020,NJ,New Jersey,8882371,17353,329,4384,11363,102875,12983,79614,10278,239179,0.02692738234
2010,NM,New Mexico,2065913,12147,140,1616,9432,70776,21023,44503,5250,164887,0.07981313831
2011,NM,New Mexico,2078674,11904,158,1720,9170,73549,21419,46730,5400,170050,0.08180695963
2012,NM,New Mexico,2083540,11660,116,1847,8740,75094,21384,48247,5463,172551,0.08281626463
2013,NM,New Mexico,2086895,12990,123,1832,9470,78958,21828,51146,5984,182331,0.08736951308
2014,NM,New Mexico,2085567,12465,101,2086,8797,73877,18505,49082,6290,171203,0.082089427
2015,NM,New Mexico,2080328,13672,117,2485,9407,77212,17084,51485,8643,180105,0.08657529005
2016,NM,New Mexico,2085432,14585,139,2737,10182,81930,17280,52907,11743,191503,0.0918289352
2017,NM,New Mexico,2093395,16300,144,3732,11180,81865,17872,52284,11709,195086,0.09319120376
2018,NM,New Mexico,2092741,17637,153,2646,13536,70722,16102,44592,10028,175416,0.08382117042
2019,NM,New Mexico,2099634,17302,185,2477,13285,66744,14640,42749,9355,166737,0.07941241188
2020,NM,New Mexico,2106319,16393,164,2086,12973,59859,13665,37188,9006,151334,0.07184761662
2010,NY,New York,19395206,76492,868,28630,44197,379710,65839,293232,20639,909607,0.04689854802
2011,NY,New York,19501616,77463,769,28405,45538,371837,65227,287361,19249,895849,0.04593716746
2012,NY,New York,19576125,79535,683,28633,47382,375268,64389,293562,17317,906769,0.04632014763
2013,NY,New York,19695680,77563,644,27241,46130,358603,56444,286676,15483,868784,0.0441103836
2014,NY,New York,19748858,75972,616,24036,45295,339113,50738,272624,15751,824145,0.04173127378
2015,NY,New York,19747183,75126,613,23879,44493,317225,44117,257837,15271,778561,0.03942643363
2016,NY,New York,19836286,74315,629,22310,45095,305224,39850,250990,14384,752797,0.03795050142
2017,NY,New York,19590719,70746,550,20122,43777,293390,34928,245093,13369,721975,0.03685290979
2018,NY,New York,19530351,68512,562,18191,43182,281543,31158,237243,13142,693533,0.03551052411
2019,NY,New York,19463131,70260,565,18165,44888,269787,28065,228672,13050,673452,0.03460142153
2020,NY,New York,19336776,70339,808,17525,46538,272788,32003,221129,19656,680786,0.03520679973
2010,NC,North Carolina,9560234,34679,474,9620,22583,329202,102826,208057,18319,725760,0.07591445983
2011,NC,North Carolina,9651103,33421,498,9448,21516,337806,105534,215453,16819,740495,0.07672646329
2012,NC,North Carolina,9748364,34464,479,9392,22609,328594,99323,213151,16120,724132,0.07428241293
2013,NC,North Carolina,9848917,33587,463,9275,21325,305631,90182,201043,14406,675912,0.06862805322
2014,NC,North Carolina,9940387,32718,498,8411,21377,285498,79266,192609,13623,634000,0.06378021298
2015,NC,North Carolina,10035186,34734,517,8821,22805,275915,74760,187732,13423,618707,0.06165376506
2016,NC,North Carolina,10156689,37767,678,9336,24906,277765,72082,190377,15306,628217,0.06185253876
2017,NC,North Carolina,10270800,38043,622,9884,25593,265483,65247,184119,16117,605108,0.05891537173
2018,NC,North Carolina,10381615,36980,574,7573,26200,243323,57450,169376,16497,557973,0.05374626202
2019,NC,North Carolina,10501384,39773,653,7700,28056,251135,54033,178332,18770,578452,0.05508340615
2020,NC,North Carolina,10600823,44451,852,7340,33337,236026,49952,165554,20520,558032,0.05264044122
2010,ND,North Dakota,674629,1548,10,90,1203,12010,2000,9137,873,26871,0.03983078107
2011,ND,North Dakota,684740,1699,24,91,1318,13334,2458,9891,985,29800,0.04352016824
2012,ND,North Dakota,701345,1723,25,127,1292,14297,2429,10687,1181,31761,0.04528584363
2013,ND,North Dakota,723857,1979,16,161,1447,15356,2979,10942,1435,34315,0.04740577213
2014,ND,North Dakota,740040,2001,23,175,1421,15857,2751,11559,1547,35334,0.04774606778
2015,ND,North Dakota,756835,1949,21,159,1378,17716,3296,12686,1734,38939,0.0514497876
2016,ND,North Dakota,755548,1905,16,181,1352,17451,3248,12249,1954,38356,0.05076580178
2017,ND,North Dakota,755176,2133,10,183,1534,16653,2947,11944,1762,37166,0.04921501743
2018,ND,North Dakota,758080,2154,18,158,1569,15621,2742,11088,1791,35141,0.04635526593
2019,ND,North Dakota,763724,2302,25,184,1629,15270,2646,10785,1839,34680,0.04540907448
2020,ND,North Dakota,765309,2518,32,151,1939,16256,3196,10986,2074,37152,0.04854509747
2010,OH,Ohio,11537968,36306,479,16486,15611,376836,107125,248581,21130,822554,0.07129106269
2011,OH,Ohio,11541007,35218,500,15991,15048,380572,112901,246744,20927,827901,0.07173559465
2012,OH,Ohio,11553031,34827,478,15396,15140,370435,105312,245372,19751,806711,0.06982678398
2013,OH,Ohio,11572005,33722,478,14483,14370,338414,91090,227799,19525,739881,0.06393714832
2014,OH,Ohio,11596998,33130,464,12780,14658,322517,79466,224942,18109,706066,0.06088351485
2015,OH,Ohio,11605090,34373,522,12617,15793,303743,69994,216354,17395,670791,0.05780144747
2016,OH,Ohio,11622554,35759,683,12574,16748,300945,67081,214102,19762,667654,0.05744468901
2017,OH,Ohio,11664129,34621,741,11224,16823,280557,57521,202320,20716,624523,0.05354218905
2018,OH,Ohio,11676341,34426,596,9608,18370,257848,49456,188433,19959,578696,0.04956141654
2019,OH,Ohio,11696507,34618,584,8861,19323,240540,44232,177610,18698,544466,0.04654945276
2020,OH,Ohio,11693217,36104,820,7826,22406,216363,37279,159007,20077,499882,0.04274974115
2010,OK,Oklahoma,3760184,18100,195,3345,13091,129464,37848,81303,10313,293659,0.07809697611
2011,OK,Oklahoma,3784163,17311,212,3288,12401,127618,36462,80064,11092,288448,0.07622504633
2012,OK,Oklahoma,3815780,18102,220,3248,13012,130969,36094,83131,11744,296520,0.07770888259
2013,OK,Oklahoma,3853118,17187,198,3023,11652,126418,33512,81624,11282,284896,0.07393907999
2014,OK,Oklahoma,3879610,16052,180,3073,10937,117445,29963,76719,10763,265132,0.0683398589
2015,OK,Oklahoma,3907414,16746,240,3018,11535,114055,28783,74678,10594,259649,0.06645034286
2016,OK,Oklahoma,3921207,17855,247,3174,12334,118010,29376,76358,12276,269630,0.06876199089
2017,OK,Oklahoma,3932640,17989,243,3007,12519,113611,28749,72546,12316,260980,0.06636254526
2018,OK,Oklahoma,3940235,18701,215,2805,13250,114395,27178,73799,13418,263761,0.0669404236
2019,OK,Oklahoma,3960676,17279,275,2383,12258,113504,26820,73199,13485,259203,0.06544413125
2020,OK,Oklahoma,3980783,18255,296,2351,13506,107705,24415,68243,15047,249818,0.06275599549
2010,OR,Oregon,3838332,9648,96,2421,5892,116657,20035,87494,9128,251371,0.06548964498
2011,OR,Oregon,3868229,9643,84,2237,6083,121869,20704,92059,9106,261785,0.06767567277
2012,OR,Oregon,3899801,9638,91,2419,5969,126417,22051,94114,10252,270951,0.06947816055
2013,OR,Oregon,3928068,9536,82,2394,5596,125083,20808,94363,9912,267774,0.06816939014
2014,OR,Oregon,3971202,10294,84,2270,6320,123142,18690,94177,10275,265252,0.06679388256
2015,OR,Oregon,4024634,10680,110,2163,6757,119752,18541,90514,10697,259214,0.06440685041
2016,OR,Oregon,4085989,10983,116,2307,6776,121716,16919,91507,13290,263614,0.06451657114
2017,OR,Oregon,4146592,11629,105,2474,7058,122524,17415,88091,17018,266314,0.0642247899
2018,OR,Oregon,4181886,12146,86,2515,7431,122401,16515,89191,16695,266980,0.06384200813
2019,OR,Oregon,4216116,12382,117,2329,8050,117567,15127,86922,15518,258012,0.06119660844
2020,OR,Oregon,4241507,12380,125,2180,8510,112782,14386,81811,16585,248759,0.05864873027
2010,PA,Pennsylvania,12717722,46612,653,16375,26112,276366,55206,204440,16720,642484,0.05051879574
2011,PA,Pennsylvania,12743948,46189,639,16165,26046,283442,57966,208604,16872,655923,0.05146937197
2012,PA,Pennsylvania,12764475,45384,707,15735,25571,276562,57040,204409,15113,640521,0.05017997215
2013,PA,Pennsylvania,12781296,42825,611,14739,23680,263176,52000,197410,13766,608207,0.04758570649
2014,PA,Pennsylvania,12793767,40298,610,13545,22304,246982,45718,188211,13053,570721,0.04460930076
2015,PA,Pennsylvania,12791904,40348,665,12965,22419,231941,39573,180236,12132,540279,0.04223601115
2016,PA,Pennsylvania,12787085,40389,674,12314,22942,222394,35178,174147,13069,521107,0.04075260311
2017,PA,Pennsylvania,12790447,40030,742,11777,23295,210316,31925,165434,12957,496476,0.03881615709
2018,PA,Pennsylvania,12800922,39099,784,9854,23971,190633,27054,150441,13138,454974,0.03554228359
2019,PA,Pennsylvania,12798883,39160,676,9749,24390,179670,23324,143937,12409,433315,0.03385568881
2020,PA,Pennsylvania,12783254,49793,1009,10728,33828,210167,31774,162919,15474,515692,0.04034121516
2010,RI,Rhode Island,1052528,2709,29,782,1600,26959,6124,18432,2403,59038,0.05609161942
2011,RI,Rhode Island,1050646,2586,20,744,1503,27976,6836,18765,2375,60805,0.05787391757
2012,RI,Rhode Island,1050304,2657,26,715,1614,27039,5929,18478,2632,59090,0.0562599019
2013,RI,Rhode Island,1053354,2710,31,683,1547,25741,5621,17881,2239,56453,0.05359356873
2014,RI,Rhode Island,1054907,2320,26,530,1398,22982,4830,16317,1835,50238,0.04762315541
2015,RI,Rhode Island,1055607,2565,31,547,1520,20038,3938,14714,1386,44739,0.04238225021
2016,RI,Rhode Island,1057566,2529,29,541,1514,18910,3650,14157,1103,42433,0.04012326417
2017,RI,Rhode Island,1056486,2474,21,474,1525,18585,3219,13882,1484,41664,0.03943639575
2018,RI,Rhode Island,1058287,2326,16,453,1363,17625,2817,13270,1538,39408,0.03723753575
2019,RI,Rhode Island,1058158,2357,26,421,1412,16312,2321,12628,1363,36840,0.03481521663
2020,RI,Rhode Island,1057125,2440,32,336,1665,13166,1763,9894,1509,30805,0.0291403571
2010,SC,South Carolina,4637106,27923,265,5017,21090,181098,46261,121544,13293,416491,0.08981701087
2011,SC,South Carolina,4673348,27894,320,4631,21265,183243,47351,122255,13637,420596,0.08999886163
2012,SC,South Carolina,4723417,26474,332,4511,19919,181049,45222,122340,13487,413334,0.08750741254
2013,SC,South Carolina,4771929,24263,305,3965,17760,173261,40930,119730,12601,392815,0.08231786349
2014,SC,South Carolina,4829160,24038,322,4018,17513,168281,37163,118173,12945,382453,0.07919658905
2015,SC,South Carolina,4894834,24448,407,3950,17652,162830,34942,114778,13110,372117,0.07602239422
2016,SC,South Carolina,4959822,25137,358,4071,18217,161534,33149,114455,13930,370851,0.07477103009
2017,SC,South Carolina,5021219,25412,380,3884,18572,160368,31165,114931,14272,368984,0.07348494459
2018,SC,South Carolina,5084156,25463,411,3592,18810,156330,29957,111427,14946,360936,0.07099231416
2019,SC,South Carolina,5157702,26307,455,3325,19999,151970,27439,109366,15165,354026,0.06864025878
2020,SC,South Carolina,5218040,27691,549,3122,21934,141987,23377,103892,14718,337270,0.06463538033
2010,SD,South Dakota,816598,2196,23,154,1634,15188,3192,11196,800,34383,0.04210517292
2011,SD,South Dakota,823593,2105,20,167,1415,15299,2927,11423,949,34305,0.04165285523
2012,SD,South Dakota,834047,2701,23,157,1921,17326,3280,12973,1073,39454,0.04730428861
2013,SD,South Dakota,845510,2733,18,156,2052,16274,3383,11955,936,37507,0.04436020863
2014,SD,South Dakota,853304,2801,23,199,2101,16036,2817,12209,1010,37196,0.04359056093
2015,SD,South Dakota,857919,3302,33,215,2554,16739,2969,12576,1194,39582,0.04613722274
2016,SD,South Dakota,861542,3636,28,274,2808,17207,3002,12705,1500,41160,0.04777480378
2017,SD,South Dakota,873286,3753,27,264,2887,16588,2835,12285,1468,40107,0.04592653495
2018,SD,South Dakota,878698,3483,12,222,2632,15191,2502,11237,1452,36731,0.04180162012
2019,SD,South Dakota,887127,3523,16,190,2670,15686,2662,11265,1759,37771,0.04257676748
2020,SD,South Dakota,892717,4476,40,274,3563,17468,3036,12117,2315,43289,0.04849129119
2010,TN,Tennessee,6357436,38909,359,8361,28016,232855,64293,153729,14833,541355,0.08515303968
2011,TN,Tennessee,6399787,38895,380,8082,28338,230900,62830,153928,14142,537495,0.08398638892
2012,TN,Tennessee,6454914,41213,400,8151,30615,217925,56231,148731,12963,516229,0.07997457441
2013,TN,Tennessee,6497269,38063,335,7333,27895,207683,51334,144443,11906,488992,0.07526115973
2014,TN,Tennessee,6547779,39989,369,7268,29757,200911,46798,141464,12649,479205,0.07318588486
2015,TN,Tennessee,6595056,40816,418,7499,30098,196047,43753,139259,13035,470925,0.07140576213
2016,TN,Tennessee,6649404,42459,495,7829,31332,191199,40607,135353,15239,464513,0.06985783989
2017,TN,Tennessee,6708794,43940,538,7867,32507,198028,38819,140636,18573,480908,0.07168322652
2018,TN,Tennessee,6771631,42687,508,7222,31946,192897,33538,138710,20649,468157,0.06913504295
2019,TN,Tennessee,6830325,40908,515,6164,31286,181801,29969,132540,19292,442475,0.06478095845
2020,TN,Tennessee,6886834,46328,663,5575,37412,171675,26479,124098,21098,433328,0.0629212204
2010,TX,Texas,25253466,113231,1249,32843,71517,951246,228597,654626,68023,2121332,0.08400161784
2011,TX,Texas,25631778,104734,1130,28620,67498,892810,215755,613131,63924,1987602,0.07754444502
2012,TX,Texas,26060796,106475,1148,30385,67227,876459,205002,606425,65032,1958153,0.07513788144
2013,TX,Texas,26505637,108757,1140,31810,65351,862289,191062,605440,65787,1931636,0.07287642248
2014,TX,Texas,26979078,109711,1192,31021,65862,813515,168085,577018,68412,1834816,0.06800884745
2015,TX,Texas,27429639,113193,1317,31924,67629,779234,153067,558653,67514,1772531,0.06462101087
2016,TX,Texas,27904862,121064,1478,33298,72842,769892,148796,552106,68990,1768466,0.06337483411
2017,TX,Texas,28322717,123984,1405,32120,75923,723143,133458,521767,67918,1679718,0.05930638646
2018,TX,Texas,28628666,118197,1327,28339,73433,681143,117897,493238,70008,1583582,0.05531455779
2019,TX,Texas,28986794,122263,1432,29126,76402,697305,114494,504461,78350,1623833,0.05601975162
2020,TX,Texas,29360759,131084,1931,26834,88810,659160,108851,466033,84276,1566979,0.05336983966
2010,UT,Utah,2775479,5925,53,1269,3620,88316,15095,67242,5979,187499,0.06755554627
2011,UT,Utah,2814347,5547,50,1079,3517,84084,13170,64727,6187,178361,0.06337562497
2012,UT,Utah,2854871,5939,52,1105,3807,86284,13095,67157,6032,183471,0.06426595107
2013,UT,Utah,2902787,6644,51,1247,3824,88334,13727,67115,7492,188434,0.06491485596
2014,UT,Utah,2944498,6464,66,1313,3538,85473,11656,66487,7330,182327,0.06192125109
2015,UT,Utah,2990632,7138,57,1329,4048,89797,12606,68464,8727,192166,0.06425598335
2016,UT,Utah,3044321,7406,74,1528,4244,90561,12938,68261,9362,194374,0.06384806333
2017,UT,Utah,3103118,7515,74,1498,4185,86201,11780,64955,9466,185674,0.05983465663
2018,UT,Utah,3153550,7551,63,1237,4397,76294,10079,58406,7809,165836,0.0525870844
2019,UT,Utah,3203383,7588,77,1130,4516,69469,8658,54078,6733,152249,0.04752756695
2020,UT,Utah,3249879,8471,102,1362,5198,80091,9444,60359,10288,175315,0.05394508534
2010,VT,Vermont,625909,820,7,76,596,14160,3348,10373,439,29819,0.04764111077
2011,VT,Vermont,626592,925,11,99,669,15086,3838,10720,528,31876,0.05087201879
2012,VT,Vermont,625953,891,8,114,638,15653,4179,11014,460,32957,0.05265091788
2013,VT,Vermont,626855,775,10,75,554,13882,3352,10193,337,29178,0.04654664954
2014,VT,Vermont,626767,643,10,72,444,9721,2092,7375,254,20611,0.03288462858
2015,VT,Vermont,626088,747,10,105,482,9064,2034,6834,196,19472,0.03110105928
2016,VT,Vermont,623354,851,14,78,589,9705,1884,7637,184,20942,0.03359567758
2017,VT,Vermont,624525,1082,17,100,711,9339,1945,7169,225,20588,0.03296585405
2018,VT,Vermont,624358,1155,11,73,745,8211,1496,6451,264,18406,0.02947988173
2019,VT,Vermont,624046,1293,11,71,913,8968,1286,7378,304,20224,0.03240786737
2020,VT,Vermont,623347,1081,14,64,790,7586,961,6361,264,17121,0.02746624272
2010,VA,Virginia,8023953,17184,376,5678,9550,187403,30804,145990,10609,407594,0.05079715696
2011,VA,Virginia,8104384,16014,304,5425,8694,182902,30656,142476,9770,396241,0.04889217984
2012,VA,Virginia,8186628,15676,322,4718,9131,178434,29651,139654,9129,386715,0.04723739738
2013,VA,Virginia,8270345,16355,320,4574,9111,171558,26717,136215,8626,373476,0.0451584547
2014,VA,Virginia,8328098,16522,350,4294,9462,161934,23210,131001,7723,354496,0.04256626183
2015,VA,Virginia,8367587,16705,390,4459,9357,157803,21542,128064,8197,346517,0.0414118192
2016,VA,Virginia,8414380,18495,482,4826,10357,157292,20159,127285,9848,348744,0.04144619093
2017,VA,Virginia,8465207,17811,470,4331,9984,152515,18524,123812,10179,337626,0.03988396267
2018,VA,Virginia,8501286,17357,417,3610,10258,142931,15659,116496,10776,317504,0.03734776127
2019,VA,Virginia,8556642,17916,447,3520,11034,140944,13972,116656,10316,314805,0.03679071767
2020,VA,Virginia,8590563,17925,524,2947,12175,125114,11465,102796,10853,283799,0.03303613512
2010,WA,Washington,6742950,21138,154,5929,12476,249426,55192,168490,25744,538549,0.0798684552
2011,WA,Washington,6823267,20152,163,5627,12042,244209,56561,162828,24820,526402,0.07714808757
2012,WA,Washington,6895318,20553,217,5801,12285,254377,61376,166338,26663,547610,0.07941765702
2013,WA,Washington,6973742,20223,167,5829,11623,259139,58487,172227,28425,556120,0.0797448486
2014,WA,Washington,7063166,20185,178,5641,11586,261257,55381,175317,30559,560104,0.07929928307
2015,WA,Washington,7160290,20505,218,5450,12059,249474,51114,171393,26967,537180,0.07502210106
2016,WA,Washington,7280934,22101,195,5649,13124,254994,49249,173423,32322,551057,0.07568493273
2017,WA,Washington,7425432,22483,226,5386,13571,235206,43687,162154,29365,512078,0.06896272163
2018,WA,Washington,7523869,23719,236,5557,14316,223256,40434,154941,27881,490340,0.06517125697
2019,WA,Washington,7614024,23095,205,5356,14037,207539,34976,147778,24785,457771,0.06012208525
2020,WA,Washington,7693612,22596,301,5183,14435,210223,40167,142657,27399,462961,0.06017472677
2010,WV,West Virginia,1854368,5586,58,776,4390,41301,10778,28104,2419,93412,0.05037403579
2011,WV,West Virginia,1854908,5497,87,802,4236,39009,10245,26656,2108,88640,0.04778673659
2012,WV,West Virginia,1856680,5943,70,835,4623,44500,11466,30800,2234,100471,0.05411325592
2013,WV,West Virginia,1853595,5657,62,653,4242,39929,9908,28055,1966,90472,0.04880893615
2014,WV,West Virginia,1848751,5850,84,655,4517,38282,9368,26954,1960,87670,0.04742120491
2015,WV,West Virginia,1841053,6397,85,783,4819,38694,9467,26984,2243,89472,0.04859827501
2016,WV,West Virginia,1828637,6633,85,720,5144,37282,9127,25657,2498,87146,0.04765625983
2017,WV,West Virginia,1817048,6564,98,673,5000,32560,7557,21917,3086,77455,0.04262683209
2018,WV,West Virginia,1804291,5411,76,333,4286,27888,5916,19783,2189,65882,0.03651406564
2019,WV,West Virginia,1795263,5725,100,347,4460,27327,5282,19825,2220,65286,0.03636570241
2020,WV,West Virginia,1784787,6352,117,369,5034,24976,4877,17828,2271,61824,0.03463942756
2010,WI,Wisconsin,5691659,14167,155,4516,8305,142781,26636,107993,8152,312705,0.0549409232
2011,WI,Wisconsin,5709843,14268,138,4600,8340,139912,27167,104472,8273,307170,0.05379657549
2012,WI,Wisconsin,5724554,16254,169,4692,10165,140780,27931,104619,8230,312840,0.05464879884
2013,WI,Wisconsin,5742953,16118,163,4834,9285,125694,24358,93946,7390,281788,0.04906674319
2014,WI,Wisconsin,5759432,16763,159,5101,9826,120535,21375,89255,9905,272919,0.04738644366
2015,WI,Wisconsin,5767891,17549,240,5234,10270,114171,19602,83572,10997,261635,0.04536060061
2016,WI,Wisconsin,5772917,17716,232,4707,10772,111911,19498,82455,9958,257249,0.04456135434
2017,WI,Wisconsin,5792051,18638,192,4370,11899,104908,17570,77868,9470,244915,0.04228467602
2018,WI,Wisconsin,5807406,17365,175,3493,11364,91238,14180,68380,8678,214873,0.03699982402
2019,WI,Wisconsin,5824581,17305,189,2994,11764,85796,12572,65687,7537,203844,0.03499719551
2020,WI,Wisconsin,5832655,18861,308,3081,13452,86654,12744,64517,9393,209010,0.03583445275
2010,WY,Wyoming,564554,1117,8,77,870,13869,2151,11126,592,29810,0.0528027434
2011,WY,Wyoming,567356,1245,18,71,1010,12878,1864,10493,521,28100,0.04952798596
2012,WY,Wyoming,576626,1161,14,61,932,13222,2125,10513,584,28612,0.04961968416
2013,WY,Wyoming,583223,1212,17,74,917,12809,1956,10275,578,27838,0.04773131375
2014,WY,Wyoming,584304,1142,16,53,899,11477,1689,9185,603,25064,0.04289547907
2015,WY,Wyoming,586555,1300,16,59,1054,11151,1762,8797,592,24731,0.04216313901
2016,WY,Wyoming,584910,1431,20,59,1146,11460,1771,8889,800,25576,0.04372638526
2017,WY,Wyoming,578934,1358,14,98,993,10528,1556,8211,761,23519,0.04062466533
2018,WY,Wyoming,577601,1235,14,75,885,10308,1551,7974,783,22825,0.03951689834
2019,WY,Wyoming,580116,1247,13,67,844,9097,1394,6981,722,20365,0.03510504796
2020,WY,Wyoming,582328,1364,18,66,947,9379,1225,7190,964,21153,0.03632488907